{
  "version": "3.71.29339.0",
  "course_id": "5yeQXoNOZ3e",
  "title": "What’s in a name?",
  "thumbnail": "story_content/thumbnail.jpg",
  "scenes": [
    {
      "title": "Introduction"
    },
    {
      "title": "Sakiya"
    },
    {
      "title": "Abeku"
    },
    {
      "title": "Complete"
    }
  ],
  "slides": [
    {
      "id": "6kxgrwx4BsQ",
      "title": "What’s in a name?",
      "scene_index": "1.1"
    },
    {
      "id": "6ixNhjg06Bi",
      "title": "Two-Person Scenario",
      "scene_index": "1.2"
    },
    {
      "id": "5Vxg7eiRHae",
      "title": "List Layout",
      "scene_index": "2.1"
    },
    {
      "id": "6SqkqRjhB4s",
      "title": "Hello%Name%, I’m Sakiya Hayashi ",
      "scene_index": "2.2"
    },
    {
      "id": "6ftKZRUEB6r",
      "title": "So%Name%, are there different translations or pronunciations of your name?",
      "scene_index": "2.3"
    },
    {
      "id": "5ZEHTaOUkLU",
      "title": "So%Name%, do you think that there are any privileges associated with your name?",
      "scene_index": "2.4"
    },
    {
      "id": "6Kc7ZGltXnf",
      "title": "List Layout",
      "scene_index": "3.1"
    },
    {
      "id": "5ZNptytlaVA",
      "title": "Hello%Name%, I’m Abeku Mensah",
      "scene_index": "3.2"
    },
    {
      "id": "5xeUy2WFI4p",
      "title": "So%Name%, are there different translations or pronunciations of your name?",
      "scene_index": "3.3"
    },
    {
      "id": "6ma4xrzMLug",
      "title": "So%Name%, do you think that there are any privileges associated with your name?",
      "scene_index": "3.4"
    },
    {
      "id": "5ZHJj1qSCTQ",
      "title": "Complete! You have finished the activity. ",
      "scene_index": "4.1"
    }
  ],
  "player": {
    "name": "unified",
    "width": 980,
    "height": 611
  },
  "stage": {
    "width": 960,
    "height": 540
  }
}